<?xml version="1.0" encoding="UTF-8"?>
<!DOCTYPE suite SYSTEM "http://testng.org/testng-1.0.dtd">
<suite name="Suite">
  <test name="Test">
    <classes>
      
        <class name="test_cases.CountryValidation"/>  
        <class name="test_cases.DateValidatins"/>
        <class name="test_cases.DestinationField"/>
          <!-- <class name="test_cases.DetailsPage"/> -->
          <!-- <class name="test_cases.DomesticCountry"/> -->
           <class name="test_cases.PrimaryAgeValidation"/> 
           
           
           
           
           
           <!--  <class name="test_cases.RACV_AMT_Dom_WithMedi"/> -->
          <!--  <class name="test_cases.RACVInternationalAMT"/> -->
           <!--  <class name="test_cases.Smoke_Test"/>
           <class name="test_cases.RACV_Without_Medical"/> -->
          <!--  <class name="test_cases.Smoke_Test2"/> -->
           <class name="test_cases.ValidationWithDomesticInternationalCountry"/>                    
           
           <!--  <class name="test_cases.RACV_MulCountry_WithRACVMembership"/> 
           <class name="test_cases.RACV_AMT_MoreThan60Days"/>
           <class name="test_cases.RACV_DOM_RACVMember"/> -->
          
          <class name="test_cases.RAC_Domestic_Medical"/>      
           <class name="test_cases.RAC_Smoke_Test2"/> 
            <class name="test_cases.RAC_SmokeTest"/>
           <class name="test_cases.RAC_With_Domestic"/>
           <class name="test_cases.RAC_AMT"/>
           <class name="test_cases.RAC_AMT_RACV_Member"/> 
           
            
        
        
    </classes>
  </test> <!-- Test -->
</suite> <!-- Suite -->
